INSERT INTO "MEDALLA" (DESCRIPCION) VALUES ('oro');
INSERT INTO "MEDALLA" (DESCRIPCION) VALUES ('plata ');
INSERT INTO "MEDALLA" (DESCRIPCION) VALUES ('bronce');


INSERT INTO "CATEGORIA" (DESCRIPCION) VALUES ('100 Metros');
INSERT INTO "CATEGORIA" (DESCRIPCION) VALUES ('20 Metros');
INSERT INTO "CATEGORIA" (DESCRIPCION) VALUES ('30 Metros');
INSERT INTO "CATEGORIA" (DESCRIPCION) VALUES ('40 Metros');


INSERT INTO "ATLETA" (NOMBRE, APELLIDO, FECHA_NACIMIENTO, NACIONALIDAD) VALUES ('Ignacio', 'Ortiz', TO_DATE('1998-04-24 00:00:00', 'YYYY-MM-DD HH24:MI:SS'), 'Chilena');
INSERT INTO "ATLETA" (NOMBRE, APELLIDO, FECHA_NACIMIENTO, NACIONALIDAD) VALUES ('Chris', 'Cromer', TO_DATE('1998-05-22 00:00:00', 'YYYY-MM-DD HH24:MI:SS'), 'Chilena');
INSERT INTO "ATLETA" (NOMBRE, APELLIDO, FECHA_NACIMIENTO, NACIONALIDAD) VALUES ('Benjamin', 'Perez', TO_DATE('1992-01-28 00:00:00', 'YYYY-MM-DD HH24:MI:SS'), 'Argentina');
INSERT INTO "ATLETA" (NOMBRE, APELLIDO, FECHA_NACIMIENTO, NACIONALIDAD) VALUES ('Diego', 'Perez', TO_DATE('1983-12-24 00:00:00', 'YYYY-MM-DD HH24:MI:SS'), 'Peruana');


INSERT INTO "PAIS" (NOMBRE) VALUES ('Chile');
INSERT INTO "PAIS" (NOMBRE) VALUES ('Peru');
INSERT INTO "PAIS" (NOMBRE) VALUES ('Argentina');
INSERT INTO "PAIS" (NOMBRE) VALUES ('Brazil');
INSERT INTO "PAIS" (NOMBRE) VALUES ('Berlin');
INSERT INTO "PAIS" (NOMBRE) VALUES ('Canada');
INSERT INTO "PAIS" (NOMBRE) VALUES ('Republica Checa');


INSERT INTO "TIPOS_DEPORTES" (DESCRIPCION) VALUES ('Natacion');
INSERT INTO "TIPOS_DEPORTES" (DESCRIPCION) VALUES ('Carrera');
INSERT INTO "TIPOS_DEPORTES" (DESCRIPCION) VALUES ('Arqueria');
INSERT INTO "TIPOS_DEPORTES" (DESCRIPCION) VALUES ('Basketball');
INSERT INTO "TIPOS_DEPORTES" (DESCRIPCION) VALUES ('BMX');
INSERT INTO "TIPOS_DEPORTES" (DESCRIPCION) VALUES ('Boxeo');
INSERT INTO "TIPOS_DEPORTES" (DESCRIPCION) VALUES ('Football');
INSERT INTO "TIPOS_DEPORTES" (DESCRIPCION) VALUES ('Curling');
INSERT INTO "TIPOS_DEPORTES" (DESCRIPCION) VALUES ('Rugby');
INSERT INTO "TIPOS_DEPORTES" (DESCRIPCION) VALUES ('Disparo');


INSERT INTO "CIUDAD" (ID_CIUDAD, NOMBRE, PAIS) VALUES (1, 'Tome', '1');
INSERT INTO "CIUDAD" (ID_CIUDAD, NOMBRE, PAIS) VALUES (2, 'Concepcion', '1');
INSERT INTO "CIUDAD" (ID_CIUDAD, NOMBRE, PAIS) VALUES (3, 'Checa', '2');
INSERT INTO "CIUDAD" (ID_CIUDAD, NOMBRE, PAIS) VALUES (4, 'Roma', '3');
INSERT INTO "CIUDAD" (ID_CIUDAD, NOMBRE, PAIS) VALUES (5, 'Santiago de Compostela', '4');
INSERT INTO "CIUDAD" (ID_CIUDAD, NOMBRE, PAIS) VALUES (6, 'Galicia', '5');
INSERT INTO "CIUDAD" (ID_CIUDAD, NOMBRE, PAIS) VALUES (7, 'Costa Da Morte', '6');
INSERT INTO "CIUDAD" (ID_CIUDAD, NOMBRE, PAIS) VALUES (8, 'Iquique', '6');
INSERT INTO "CIUDAD" (ID_CIUDAD, NOMBRE, PAIS) VALUES (9, 'Orzan', '4');
INSERT INTO "CIUDAD" (ID_CIUDAD, NOMBRE, PAIS) VALUES (10, 'Riazor', '3');


INSERT INTO "LUGAR" (NOMBRE, CAPACIDAD, CIUDAD) VALUES ('BXKQ', '100', '1');
INSERT INTO "LUGAR" (NOMBRE, CAPACIDAD, CIUDAD) VALUES ('TELLONES', '120', '2');
INSERT INTO "LUGAR" (NOMBRE, CAPACIDAD, CIUDAD) VALUES ('TRELLIG', '80', '3');
INSERT INTO "LUGAR" (NOMBRE, CAPACIDAD, CIUDAD) VALUES ('DIRAKZ', '250', '3');
INSERT INTO "LUGAR" (NOMBRE, CAPACIDAD, CIUDAD) VALUES ('ZERINID', '400', '5');
INSERT INTO "LUGAR" (NOMBRE, CAPACIDAD, CIUDAD) VALUES ('CHIX', '150', '6');


INSERT INTO "HOTEL" (NOMBRE, CIUDAD) VALUES ('SILENT', '1');
INSERT INTO "HOTEL" (NOMBRE, CIUDAD) VALUES ('ZRKAZ', '2');
INSERT INTO "HOTEL" (NOMBRE, CIUDAD) VALUES ('JBL', '3');
INSERT INTO "HOTEL" (NOMBRE, CIUDAD) VALUES ('KIZIP', '3');
INSERT INTO "HOTEL" (NOMBRE, CIUDAD) VALUES ('KIROTWE', '4');
INSERT INTO "HOTEL" (NOMBRE, CIUDAD) VALUES ('HILL', '5');
INSERT INTO "HOTEL" (NOMBRE, CIUDAD) VALUES ('RESIDENT', '6');
INSERT INTO "HOTEL" (NOMBRE, CIUDAD) VALUES ('ZERO', '1');


INSERT INTO "CAPITAL" (ID_PAIS, ID_CIUDAD) VALUES ('1', '1');
INSERT INTO "CAPITAL" (ID_PAIS, ID_CIUDAD) VALUES ('1', '2');
INSERT INTO "CAPITAL" (ID_PAIS, ID_CIUDAD) VALUES ('2', '3');
INSERT INTO "CAPITAL" (ID_PAIS, ID_CIUDAD) VALUES ('3', '4');
INSERT INTO "CAPITAL" (ID_PAIS, ID_CIUDAD) VALUES ('4', '5');
INSERT INTO "CAPITAL" (ID_PAIS, ID_CIUDAD) VALUES ('4', '6');
INSERT INTO "CAPITAL" (ID_PAIS, ID_CIUDAD) VALUES ('4', '7');
INSERT INTO "CAPITAL" (ID_PAIS, ID_CIUDAD) VALUES ('5', '8');
INSERT INTO "CAPITAL" (ID_PAIS, ID_CIUDAD) VALUES ('6', '9');


INSERT INTO "DELEGACION" (NOMBRE, CANTIDAD_ATLETAS, PAIS, ATLETA) VALUES ('SAMSU', '2', '1', '1');
INSERT INTO "DELEGACION" (NOMBRE, CANTIDAD_ATLETAS, PAIS, ATLETA) VALUES ('SUX', '3', '2', '2');
INSERT INTO "DELEGACION" (NOMBRE, CANTIDAD_ATLETAS, PAIS, ATLETA) VALUES ('SKT1', '4', '3', '3');
INSERT INTO "DELEGACION" (NOMBRE, CANTIDAD_ATLETAS, PAIS, ATLETA) VALUES ('SUPREME', '2', '4', '4');


INSERT INTO "COMPETENCIA" (NOMBRE, CATEGORIA, TIPO, LUGAR) VALUES ('Natacion', '1', '1', '1');
INSERT INTO "COMPETENCIA" (NOMBRE, CATEGORIA, TIPO, LUGAR) VALUES ('Natacion', '1', '1', '2');
INSERT INTO "COMPETENCIA" (NOMBRE, CATEGORIA, TIPO, LUGAR) VALUES ('Natacion', '1', '1', '3');
INSERT INTO "COMPETENCIA" (NOMBRE, CATEGORIA, TIPO, LUGAR) VALUES ('Natacion', '1', '1', '4');
INSERT INTO "COMPETENCIA" (NOMBRE, CATEGORIA, TIPO, LUGAR) VALUES ('Natacion', '1', '1', '5');
INSERT INTO "COMPETENCIA" (NOMBRE, CATEGORIA, TIPO, LUGAR) VALUES ('Natacion', '1', '1', '6');
INSERT INTO "COMPETENCIA" (NOMBRE, CATEGORIA, TIPO, LUGAR) VALUES ('Carrera', '4', '2', '1');
INSERT INTO "COMPETENCIA" (NOMBRE, CATEGORIA, TIPO, LUGAR) VALUES ('Carrera', '4', '3', '2');
INSERT INTO "COMPETENCIA" (NOMBRE, CATEGORIA, TIPO, LUGAR) VALUES ('Carrera', '4', '3', '1');
INSERT INTO "COMPETENCIA" (NOMBRE, CATEGORIA, TIPO, LUGAR) VALUES ('Carrera', '4', '1', '2');
INSERT INTO "COMPETENCIA" (NOMBRE, CATEGORIA, TIPO, LUGAR) VALUES ('Carrera', '4', '1', '3');
INSERT INTO "COMPETENCIA" (NOMBRE, CATEGORIA, TIPO, LUGAR) VALUES ('Carrera', '4', '2', '3');
INSERT INTO "COMPETENCIA" (NOMBRE, CATEGORIA, TIPO, LUGAR) VALUES ('Carrera', '4', '3', '5');


INSERT INTO "PRECOMPETENCIA" (FECHA, COMPETENCIA, LUGAR) VALUES (TO_DATE('2020-06-06 00:00:00', 'YYYY-MM-DD HH24:MI:SS'), '1', '1');
INSERT INTO "PRECOMPETENCIA" (FECHA, COMPETENCIA, LUGAR) VALUES (TO_DATE('2020-06-12 00:00:00', 'YYYY-MM-DD HH24:MI:SS'), '1', '2');
INSERT INTO "PRECOMPETENCIA" (FECHA, COMPETENCIA, LUGAR) VALUES (TO_DATE('2020-07-25 00:00:00', 'YYYY-MM-DD HH24:MI:SS'), '1', '3');
INSERT INTO "PRECOMPETENCIA" (FECHA, COMPETENCIA, LUGAR) VALUES (TO_DATE('2020-06-06 00:00:00', 'YYYY-MM-DD HH24:MI:SS'), '2', '1');
INSERT INTO "PRECOMPETENCIA" (FECHA, COMPETENCIA, LUGAR) VALUES (TO_DATE('2020-07-25 00:00:00', 'YYYY-MM-DD HH24:MI:SS'), '2', '2');
INSERT INTO "PRECOMPETENCIA" (FECHA, COMPETENCIA, LUGAR) VALUES (TO_DATE('2020-08-30 00:00:00', 'YYYY-MM-DD HH24:MI:SS'), '2', '3');
INSERT INTO "PRECOMPETENCIA" (FECHA, COMPETENCIA, LUGAR) VALUES (TO_DATE('2020-09-26 00:00:00', 'YYYY-MM-DD HH24:MI:SS'), '3', '1');
INSERT INTO "PRECOMPETENCIA" (FECHA, COMPETENCIA, LUGAR) VALUES (TO_DATE('2020-10-28 00:00:00', 'YYYY-MM-DD HH24:MI:SS'), '4', '2');


INSERT INTO "HOSPEDAR" (ID_HOTEL, ID_DELEGACION, FECHA_INICIO, FECHA_FIN, PRECIO) VALUES ('1', '9', TO_DATE('2020-05-21 00:00:00', 'YYYY-MM-DD HH24:MI:SS'), TO_DATE('2020-05-25 00:00:00', 'YYYY-MM-DD HH24:MI:SS'), '1500000');
INSERT INTO "HOSPEDAR" (ID_HOTEL, ID_DELEGACION, FECHA_INICIO, FECHA_FIN, PRECIO) VALUES ('1', '6', TO_DATE('2020-05-05 00:00:00', 'YYYY-MM-DD HH24:MI:SS'), TO_DATE('2020-06-05 00:00:00', 'YYYY-MM-DD HH24:MI:SS'), '350000');
INSERT INTO "HOSPEDAR" (ID_HOTEL, ID_DELEGACION, FECHA_INICIO, FECHA_FIN, PRECIO) VALUES ('2', '7', TO_DATE('2020-05-08 00:00:00', 'YYYY-MM-DD HH24:MI:SS'), TO_DATE('2020-05-10 00:00:00', 'YYYY-MM-DD HH24:MI:SS'), '280000');
INSERT INTO "HOSPEDAR" (ID_HOTEL, ID_DELEGACION, FECHA_INICIO, FECHA_FIN, PRECIO) VALUES ('3', '7', TO_DATE('2020-06-09 00:00:00', 'YYYY-MM-DD HH24:MI:SS'), TO_DATE('2020-06-12 00:00:00', 'YYYY-MM-DD HH24:MI:SS'), '168000');
INSERT INTO "HOSPEDAR" (ID_HOTEL, ID_DELEGACION, FECHA_INICIO, FECHA_FIN, PRECIO) VALUES ('4', '8', TO_DATE('2020-09-12 00:00:00', 'YYYY-MM-DD HH24:MI:SS'), TO_DATE('2020-10-15 00:00:00', 'YYYY-MM-DD HH24:MI:SS'), '178000');
INSERT INTO "HOSPEDAR" (ID_HOTEL, ID_DELEGACION, FECHA_INICIO, FECHA_FIN, PRECIO) VALUES ('5', '9', TO_DATE('2020-10-13 00:00:00', 'YYYY-MM-DD HH24:MI:SS'), TO_DATE('2020-10-18 00:00:00', 'YYYY-MM-DD HH24:MI:SS'), '189000');


INSERT INTO "GANAR" (ID_ATLETA, ID_COMPETENCIA, ID_MEDALLA, FECHA, PUNTAJE) VALUES ('1', '1', '3', TO_DATE('2019-05-25 00:00:00', 'YYYY-MM-DD HH24:MI:SS'), '70');
INSERT INTO "GANAR" (ID_ATLETA, ID_COMPETENCIA, ID_MEDALLA, FECHA, PUNTAJE) VALUES ('1', '1', '1', TO_DATE('2020-05-25 00:00:00', 'YYYY-MM-DD HH24:MI:SS'), '99');
INSERT INTO "GANAR" (ID_ATLETA, ID_COMPETENCIA, ID_MEDALLA, FECHA, PUNTAJE) VALUES ('2', '2', '1', TO_DATE('2019-06-25 00:00:00', 'YYYY-MM-DD HH24:MI:SS'), '100');
INSERT INTO "GANAR" (ID_ATLETA, ID_COMPETENCIA, ID_MEDALLA, FECHA, PUNTAJE) VALUES ('3', '1', '2', TO_DATE('2019-05-25 00:00:00', 'YYYY-MM-DD HH24:MI:SS'), '78');
INSERT INTO "GANAR" (ID_ATLETA, ID_COMPETENCIA, ID_MEDALLA, FECHA, PUNTAJE) VALUES ('3', '1', '3', TO_DATE('2020-05-25 00:00:00', 'YYYY-MM-DD HH24:MI:SS'), '89');


INSERT INTO "PARTICIPAR_PRECOMPETENCIA" (ID_PRECOMPETENCIA, ID_ATLETA, PUNTAJE, FECHA) VALUES ('1', '1', '70', TO_DATE('2020-05-25 00:00:00', 'YYYY-MM-DD HH24:MI:SS'));
INSERT INTO "PARTICIPAR_PRECOMPETENCIA" (ID_PRECOMPETENCIA, ID_ATLETA, PUNTAJE, FECHA) VALUES ('1', '2', '75', TO_DATE('2020-05-25 00:00:00', 'YYYY-MM-DD HH24:MI:SS'));
INSERT INTO "PARTICIPAR_PRECOMPETENCIA" (ID_PRECOMPETENCIA, ID_ATLETA, PUNTAJE, FECHA) VALUES ('1', '3', '80', TO_DATE('2020-05-25 00:00:00', 'YYYY-MM-DD HH24:MI:SS'));
INSERT INTO "PARTICIPAR_PRECOMPETENCIA" (ID_PRECOMPETENCIA, ID_ATLETA, PUNTAJE, FECHA) VALUES ('2', '1', '25', TO_DATE('2020-06-26 00:00:00', 'YYYY-MM-DD HH24:MI:SS'));
INSERT INTO "PARTICIPAR_PRECOMPETENCIA" (ID_PRECOMPETENCIA, ID_ATLETA, PUNTAJE, FECHA) VALUES ('3', '2', '100', TO_DATE('2020-06-27 00:00:00', 'YYYY-MM-DD HH24:MI:SS'));


INSERT INTO "PARTICIPAR_COMPETENCIA" (ID_COMPETENCIA, ID_ATLETA, FECHA) VALUES ('1', '1', TO_DATE('2020-06-06 00:00:00', 'YYYY-MM-DD HH24:MI:SS'));
INSERT INTO "PARTICIPAR_COMPETENCIA" (ID_COMPETENCIA, ID_ATLETA, FECHA) VALUES ('1', '2', TO_DATE('2020-06-06 00:00:00', 'YYYY-MM-DD HH24:MI:SS'));
INSERT INTO "PARTICIPAR_COMPETENCIA" (ID_COMPETENCIA, ID_ATLETA, FECHA) VALUES ('1', '3', TO_DATE('2020-06-06 00:00:00', 'YYYY-MM-DD HH24:MI:SS'));
INSERT INTO "PARTICIPAR_COMPETENCIA" (ID_COMPETENCIA, ID_ATLETA, FECHA) VALUES ('2', '1', TO_DATE('2020-07-08 00:00:00', 'YYYY-MM-DD HH24:MI:SS'));
INSERT INTO "PARTICIPAR_COMPETENCIA" (ID_COMPETENCIA, ID_ATLETA, FECHA) VALUES ('3', '2', TO_DATE('2020-07-09 00:00:00', 'YYYY-MM-DD HH24:MI:SS'));
